"filename", "language", "JavaScript", "JSON with Comments", "Markdown", "YAML", "JSON", "TypeScript", "HTML", "Ini", "Vue", "SCSS", "JSON5", "PostCSS", "comment", "blank", "total"
"e:\Workspace\Applications\talex-touch\.github\ISSUE_TEMPLATE\bug_report.md", "Markdown", 0, 0, 29, 0, 0, 0, 0, 0, 0, 0, 0, 0, 12, 22, 63
"e:\Workspace\Applications\talex-touch\.github\ISSUE_TEMPLATE\help_wanted.md", "Markdown", 0, 0, 22, 0, 0, 0, 0, 0, 0, 0, 0, 0, 4, 17, 43
"e:\Workspace\Applications\talex-touch\.github\PULL_REQUEST_TEMPLATE.md", "Markdown", 0, 0, 10, 0, 0, 0, 0, 0, 0, 0, 0, 0, 0, 7, 17
"e:\Workspace\Applications\talex-touch\.github\dependabot.yml", "YAML", 0, 0, 0, 6, 0, 0, 0, 0, 0, 0, 0, 0, 4, 2, 12
"e:\Workspace\Applications\talex-touch\.github\docs\contribution\CONTRIBUTING.md", "Markdown", 0, 0, 71, 0, 0, 0, 0, 0, 0, 0, 0, 0, 0, 28, 99
"e:\Workspace\Applications\talex-touch\.github\docs\contribution\CONTRIBUTING_zh.md", "Markdown", 0, 0, 70, 0, 0, 0, 0, 0, 0, 0, 0, 0, 0, 28, 98
"e:\Workspace\Applications\talex-touch\.github\workflows\ci.yml", "YAML", 0, 0, 0, 71, 0, 0, 0, 0, 0, 0, 0, 0, 1, 9, 81
"e:\Workspace\Applications\talex-touch\.github\workflows\main.yml", "YAML", 0, 0, 0, 28, 0, 0, 0, 0, 0, 0, 0, 0, 13, 11, 52
"e:\Workspace\Applications\talex-touch\.github\workflows\readme-contributors.yml", "YAML", 0, 0, 0, 14, 0, 0, 0, 0, 0, 0, 0, 0, 3, 3, 20
"e:\Workspace\Applications\talex-touch\README.md", "Markdown", 0, 0, 90, 0, 0, 0, 0, 0, 0, 0, 0, 0, 0, 59, 149
"e:\Workspace\Applications\talex-touch\Touch.code-workspace", "JSON with Comments", 0, 17, 0, 0, 0, 0, 0, 0, 0, 0, 0, 0, 0, 0, 17
"e:\Workspace\Applications\talex-touch\app\core\README.md", "Markdown", 0, 0, 11, 0, 0, 0, 0, 0, 0, 0, 0, 0, 0, 8, 19
"e:\Workspace\Applications\talex-touch\app\core\auto-imports.d.ts", "TypeScript", 0, 0, 0, 0, 0, 59, 0, 0, 0, 0, 0, 0, 7, 1, 67
"e:\Workspace\Applications\talex-touch\app\core\components.d.ts", "TypeScript", 0, 0, 0, 0, 0, 76, 0, 0, 0, 0, 0, 0, 5, 2, 83
"e:\Workspace\Applications\talex-touch\app\core\electron-builder.json5", "JSON5", 0, 0, 0, 0, 0, 0, 0, 0, 0, 0, 35, 0, 3, 1, 39
"e:\Workspace\Applications\talex-touch\app\core\electron\channel\common.ts", "TypeScript", 0, 0, 0, 0, 0, 100, 0, 0, 0, 0, 0, 0, 12, 17, 129
"e:\Workspace\Applications\talex-touch\app\core\electron\config\default.ts", "TypeScript", 0, 0, 0, 0, 0, 44, 0, 0, 0, 0, 0, 0, 0, 6, 50
"e:\Workspace\Applications\talex-touch\app\core\electron\core\addon\device\blue-tooth.ts", "TypeScript", 0, 0, 0, 0, 0, 17, 0, 0, 0, 0, 0, 0, 63, 12, 92
"e:\Workspace\Applications\talex-touch\app\core\electron\core\addon\device\screen-capture.ts", "TypeScript", 0, 0, 0, 0, 0, 16, 0, 0, 0, 0, 0, 0, 11, 8, 35
"e:\Workspace\Applications\talex-touch\app\core\electron\core\addon\home-gear\preload.ts", "TypeScript", 0, 0, 0, 0, 0, 77, 0, 0, 0, 0, 0, 0, 7, 9, 93
"e:\Workspace\Applications\talex-touch\app\core\electron\core\addon\window\window-style.ts", "TypeScript", 0, 0, 0, 0, 0, 0, 0, 0, 0, 0, 0, 0, 1, 0, 1
"e:\Workspace\Applications\talex-touch\app\core\electron\core\channel-core.ts", "TypeScript", 0, 0, 0, 0, 0, 167, 0, 0, 0, 0, 0, 0, 1, 39, 207
"e:\Workspace\Applications\talex-touch\app\core\electron\core\eventbus\touch-event.ts", "TypeScript", 0, 0, 0, 0, 0, 119, 0, 0, 0, 0, 0, 0, 72, 48, 239
"e:\Workspace\Applications\talex-touch\app\core\electron\core\storage\index.ts", "TypeScript", 0, 0, 0, 0, 0, 89, 0, 0, 0, 0, 0, 0, 1, 21, 111
"e:\Workspace\Applications\talex-touch\app\core\electron\core\touch-core.ts", "TypeScript", 0, 0, 0, 0, 0, 362, 0, 0, 0, 0, 0, 0, 61, 90, 513
"e:\Workspace\Applications\talex-touch\app\core\electron\electron-env.d.ts", "TypeScript", 0, 0, 0, 0, 0, 22, 0, 0, 0, 0, 0, 0, 17, 5, 44
"e:\Workspace\Applications\talex-touch\app\core\electron\index.ts", "TypeScript", 0, 0, 0, 0, 0, 30, 0, 0, 0, 0, 0, 0, 0, 4, 34
"e:\Workspace\Applications\talex-touch\app\core\electron\modules\addon-opener.ts", "TypeScript", 0, 0, 0, 0, 0, 95, 0, 0, 0, 0, 0, 0, 14, 23, 132
"e:\Workspace\Applications\talex-touch\app\core\electron\modules\box-tool\addon\app-addon.ts", "TypeScript", 0, 0, 0, 0, 0, 40, 0, 0, 0, 0, 0, 0, 0, 14, 54
"e:\Workspace\Applications\talex-touch\app\core\electron\modules\box-tool\addon\apps\darwin.ts", "TypeScript", 0, 0, 0, 0, 0, 66, 0, 0, 0, 0, 0, 0, 43, 12, 121
"e:\Workspace\Applications\talex-touch\app\core\electron\modules\box-tool\addon\apps\get-mac-app\app2png.ts", "TypeScript", 0, 0, 0, 0, 0, 46, 0, 0, 0, 0, 0, 0, 0, 5, 51
"e:\Workspace\Applications\talex-touch\app\core\electron\modules\box-tool\addon\apps\get-mac-app\getApps.ts", "TypeScript", 0, 0, 0, 0, 0, 33, 0, 0, 0, 0, 0, 0, 4, 7, 44
"e:\Workspace\Applications\talex-touch\app\core\electron\modules\box-tool\addon\apps\get-mac-app\index.ts", "TypeScript", 0, 0, 0, 0, 0, 11, 0, 0, 0, 0, 0, 0, 0, 2, 13
"e:\Workspace\Applications\talex-touch\app\core\electron\modules\box-tool\addon\apps\linux.ts", "TypeScript", 0, 0, 0, 0, 0, 186, 0, 0, 0, 0, 0, 0, 16, 18, 220
"e:\Workspace\Applications\talex-touch\app\core\electron\modules\box-tool\addon\apps\win.ts", "TypeScript", 0, 0, 0, 0, 0, 118, 0, 0, 0, 0, 0, 0, 12, 19, 149
"e:\Workspace\Applications\talex-touch\app\core\electron\modules\box-tool\core-box.ts", "TypeScript", 0, 0, 0, 0, 0, 221, 0, 0, 0, 0, 0, 0, 14, 66, 301
"e:\Workspace\Applications\talex-touch\app\core\electron\modules\box-tool\division-box.ts", "TypeScript", 0, 0, 0, 0, 0, 0, 0, 0, 0, 0, 0, 0, 0, 1, 1
"e:\Workspace\Applications\talex-touch\app\core\electron\modules\clipboard.ts", "TypeScript", 0, 0, 0, 0, 0, 91, 0, 0, 0, 0, 0, 0, 5, 26, 122
"e:\Workspace\Applications\talex-touch\app\core\electron\modules\drop-manager.ts", "TypeScript", 0, 0, 0, 0, 0, 18, 0, 0, 0, 0, 0, 0, 0, 4, 22
"e:\Workspace\Applications\talex-touch\app\core\electron\modules\extension-loader.ts", "TypeScript", 0, 0, 0, 0, 0, 21, 0, 0, 0, 0, 0, 0, 0, 4, 25
"e:\Workspace\Applications\talex-touch\app\core\electron\modules\global-shortcon.ts", "TypeScript", 0, 0, 0, 0, 0, 64, 0, 0, 0, 0, 0, 0, 0, 11, 75
"e:\Workspace\Applications\talex-touch\app\core\electron\modules\permission-center.ts", "TypeScript", 0, 0, 0, 0, 0, 65, 0, 0, 0, 0, 0, 0, 0, 25, 90
"e:\Workspace\Applications\talex-touch\app\core\electron\modules\terminal-cmd.ts", "TypeScript", 0, 0, 0, 0, 0, 8, 0, 0, 0, 0, 0, 0, 1, 3, 12
"e:\Workspace\Applications\talex-touch\app\core\electron\modules\tray-holder.ts", "TypeScript", 0, 0, 0, 0, 0, 86, 0, 0, 0, 0, 0, 0, 9, 42, 137
"e:\Workspace\Applications\talex-touch\app\core\electron\plugins\plugin-core.ts", "TypeScript", 0, 0, 0, 0, 0, 701, 0, 0, 0, 0, 0, 0, 27, 180, 908
"e:\Workspace\Applications\talex-touch\app\core\electron\plugins\plugin-resolver.ts", "TypeScript", 0, 0, 0, 0, 0, 123, 0, 0, 0, 0, 0, 0, 15, 32, 170
"e:\Workspace\Applications\talex-touch\app\core\electron\polyfills.ts", "TypeScript", 0, 0, 0, 0, 0, 54, 0, 0, 0, 0, 0, 0, 4, 8, 66
"e:\Workspace\Applications\talex-touch\app\core\electron\preload.ts", "TypeScript", 0, 0, 0, 0, 0, 120, 0, 0, 0, 0, 0, 0, 7, 23, 150
"e:\Workspace\Applications\talex-touch\app\core\electron\service\protocol-handler.ts", "TypeScript", 0, 0, 0, 0, 0, 14, 0, 0, 0, 0, 0, 0, 16, 6, 36
"e:\Workspace\Applications\talex-touch\app\core\electron\service\service-center.ts", "TypeScript", 0, 0, 0, 0, 0, 144, 0, 0, 0, 0, 0, 0, 9, 51, 204
"e:\Workspace\Applications\talex-touch\app\core\electron\types\index.ts", "TypeScript", 0, 0, 0, 0, 0, 1, 0, 0, 0, 0, 0, 0, 2, 2, 5
"e:\Workspace\Applications\talex-touch\app\core\electron\types\touch-core.ts", "TypeScript", 0, 0, 0, 0, 0, 65, 0, 0, 0, 0, 0, 0, 82, 20, 167
"e:\Workspace\Applications\talex-touch\app\core\electron\utils\common-util.ts", "TypeScript", 0, 0, 0, 0, 0, 31, 0, 0, 0, 0, 0, 0, 47, 9, 87
"e:\Workspace\Applications\talex-touch\app\core\electron\utils\plugin-injection.ts", "TypeScript", 0, 0, 0, 0, 0, 42, 0, 0, 0, 0, 0, 0, 6, 19, 67
"e:\Workspace\Applications\talex-touch\app\core\electron\utils\screen-util.ts", "TypeScript", 0, 0, 0, 0, 0, 5, 0, 0, 0, 0, 0, 0, 0, 1, 6
"e:\Workspace\Applications\talex-touch\app\core\generator-information.ts", "TypeScript", 0, 0, 0, 0, 0, 84, 0, 0, 0, 0, 0, 0, 1, 18, 103
"e:\Workspace\Applications\talex-touch\app\core\index.html", "HTML", 0, 0, 0, 0, 0, 0, 26, 0, 0, 0, 0, 0, 1, 5, 32
"e:\Workspace\Applications\talex-touch\app\core\package.json", "JSON", 0, 0, 0, 0, 90, 0, 0, 0, 0, 0, 0, 0, 0, 1, 91
"e:\Workspace\Applications\talex-touch\app\core\public\Documents\desktop.ini", "Ini", 0, 0, 0, 0, 0, 0, 0, 9, 0, 0, 0, 0, 0, 0, 9
"e:\Workspace\Applications\talex-touch\app\core\public\Music\desktop.ini", "Ini", 0, 0, 0, 0, 0, 0, 0, 11, 0, 0, 0, 0, 0, 0, 11
"e:\Workspace\Applications\talex-touch\app\core\public\electron-vite.animate.svg", "HTML", 0, 0, 0, 0, 0, 0, 34, 0, 0, 0, 0, 0, 0, 1, 35
"e:\Workspace\Applications\talex-touch\app\core\public\electron-vite.svg", "HTML", 0, 0, 0, 0, 0, 0, 26, 0, 0, 0, 0, 0, 0, 1, 27
"e:\Workspace\Applications\talex-touch\app\core\public\vite.svg", "HTML", 0, 0, 0, 0, 0, 0, 1, 0, 0, 0, 0, 0, 0, 0, 1
"e:\Workspace\Applications\talex-touch\app\core\src\App.vue", "Vue", 0, 0, 0, 0, 0, 0, 0, 0, 56, 0, 0, 0, 2, 16, 74
"e:\Workspace\Applications\talex-touch\app\core\src\assets\docs\license.md", "Markdown", 0, 0, 12, 0, 0, 0, 0, 0, 0, 0, 0, 0, 0, 12, 24
"e:\Workspace\Applications\talex-touch\app\core\src\assets\docs\protocol.md", "Markdown", 0, 0, 197, 0, 0, 0, 0, 0, 0, 0, 0, 0, 15, 136, 348
"e:\Workspace\Applications\talex-touch\app\core\src\assets\logo.svg", "HTML", 0, 0, 0, 0, 0, 0, 18, 0, 0, 0, 0, 0, 0, 1, 19
"e:\Workspace\Applications\talex-touch\app\core\src\assets\lotties\compress-loading.json", "JSON", 0, 0, 0, 0, 1, 0, 0, 0, 0, 0, 0, 0, 0, 0, 1
"e:\Workspace\Applications\talex-touch\app\core\src\assets\lotties\empty.json", "JSON", 0, 0, 0, 0, 1, 0, 0, 0, 0, 0, 0, 0, 0, 0, 1
"e:\Workspace\Applications\talex-touch\app\core\src\assets\lotties\hello.json", "JSON", 0, 0, 0, 0, 1, 0, 0, 0, 0, 0, 0, 0, 0, 0, 1
"e:\Workspace\Applications\talex-touch\app\core\src\assets\lotties\lotties.json", "JSON", 0, 0, 0, 0, 55, 0, 0, 0, 0, 0, 0, 0, 0, 1, 56
"e:\Workspace\Applications\talex-touch\app\core\src\assets\lotties\welcome.json", "JSON", 0, 0, 0, 0, 1, 0, 0, 0, 0, 0, 0, 0, 0, 0, 1
"e:\Workspace\Applications\talex-touch\app\core\src\auto-imports.d.ts", "TypeScript", 0, 0, 0, 0, 0, 58, 0, 0, 0, 0, 0, 0, 6, 1, 65
"e:\Workspace\Applications\talex-touch\app\core\src\base\axios.ts", "TypeScript", 0, 0, 0, 0, 0, 60, 0, 0, 0, 0, 0, 0, 8, 18, 86
"e:\Workspace\Applications\talex-touch\app\core\src\base\router.ts", "TypeScript", 0, 0, 0, 0, 0, 69, 0, 0, 0, 0, 0, 0, 54, 6, 129
"e:\Workspace\Applications\talex-touch\app\core\src\components.d.ts", "TypeScript", 0, 0, 0, 0, 0, 13, 0, 0, 0, 0, 0, 0, 5, 3, 21
"e:\Workspace\Applications\talex-touch\app\core\src\components\addon\AgreementTemplate.vue", "Vue", 0, 0, 0, 0, 0, 0, 0, 0, 70, 0, 0, 0, 0, 10, 80
"e:\Workspace\Applications\talex-touch\app\core\src\components\addon\TerminalTemplate.vue", "Vue", 0, 0, 0, 0, 0, 0, 0, 0, 53, 0, 0, 0, 0, 11, 64
"e:\Workspace\Applications\talex-touch\app\core\src\components\base\AppUpgradationView.vue", "Vue", 0, 0, 0, 0, 0, 0, 0, 0, 46, 0, 0, 0, 1, 15, 62
"e:\Workspace\Applications\talex-touch\app\core\src\components\base\EmptyAnimate.vue", "Vue", 0, 0, 0, 0, 0, 0, 0, 0, 50, 0, 0, 0, 2, 16, 68
"e:\Workspace\Applications\talex-touch\app\core\src\components\base\ProgressBar.vue", "Vue", 0, 0, 0, 0, 0, 0, 0, 0, 68, 0, 0, 0, 3, 16, 87
"e:\Workspace\Applications\talex-touch\app\core\src\components\base\button\FlatButton.vue", "Vue", 0, 0, 0, 0, 0, 0, 0, 0, 51, 0, 0, 0, 2, 11, 64
"e:\Workspace\Applications\talex-touch\app\core\src\components\base\button\IconButton.vue", "Vue", 0, 0, 0, 0, 0, 0, 0, 0, 150, 0, 0, 0, 3, 20, 173
"e:\Workspace\Applications\talex-touch\app\core\src\components\base\checkbox\TCheckBox.vue", "Vue", 0, 0, 0, 0, 0, 0, 0, 0, 59, 0, 0, 0, 0, 14, 73
"e:\Workspace\Applications\talex-touch\app\core\src\components\base\dialog\TBlowDialog.vue", "Vue", 0, 0, 0, 0, 0, 0, 0, 0, 153, 0, 0, 0, 1, 46, 200
"e:\Workspace\Applications\talex-touch\app\core\src\components\base\dialog\TBottomDialog.vue", "Vue", 0, 0, 0, 0, 0, 0, 0, 0, 249, 0, 0, 0, 3, 71, 323
"e:\Workspace\Applications\talex-touch\app\core\src\components\base\dialog\TDialogMention.vue", "Vue", 0, 0, 0, 0, 0, 0, 0, 0, 342, 0, 0, 0, 7, 108, 457
"e:\Workspace\Applications\talex-touch\app\core\src\components\base\dialog\TPopperDialog.vue", "Vue", 0, 0, 0, 0, 0, 0, 0, 0, 153, 0, 0, 0, 5, 45, 203
"e:\Workspace\Applications\talex-touch\app\core\src\components\base\dialog\TouchTip.vue", "Vue", 0, 0, 0, 0, 0, 0, 0, 0, 227, 0, 0, 0, 1, 77, 305
"e:\Workspace\Applications\talex-touch\app\core\src\components\base\group\TBlockLine.vue", "Vue", 0, 0, 0, 0, 0, 0, 0, 0, 74, 0, 0, 0, 1, 19, 94
"e:\Workspace\Applications\talex-touch\app\core\src\components\base\group\TBlockSlot.vue", "Vue", 0, 0, 0, 0, 0, 0, 0, 0, 103, 0, 0, 0, 12, 30, 145
"e:\Workspace\Applications\talex-touch\app\core\src\components\base\group\TGroupBlock.vue", "Vue", 0, 0, 0, 0, 0, 0, 0, 0, 151, 0, 0, 0, 1, 35, 187
"e:\Workspace\Applications\talex-touch\app\core\src\components\base\input\FlatCodeInput.vue", "Vue", 0, 0, 0, 0, 0, 0, 0, 0, 68, 0, 0, 0, 0, 19, 87
"e:\Workspace\Applications\talex-touch\app\core\src\components\base\input\FlatCompletion.vue", "Vue", 0, 0, 0, 0, 0, 0, 0, 0, 123, 0, 0, 0, 17, 27, 167
"e:\Workspace\Applications\talex-touch\app\core\src\components\base\input\FlatInput.vue", "Vue", 0, 0, 0, 0, 0, 0, 0, 0, 144, 0, 0, 0, 1, 33, 178
"e:\Workspace\Applications\talex-touch\app\core\src\components\base\input\FlatKeyInput.vue", "Vue", 0, 0, 0, 0, 0, 0, 0, 0, 29, 0, 0, 0, 0, 9, 38
"e:\Workspace\Applications\talex-touch\app\core\src\components\base\input\FlatMarkdown.vue", "Vue", 0, 0, 0, 0, 0, 0, 0, 0, 136, 0, 0, 0, 2, 44, 182
"e:\Workspace\Applications\talex-touch\app\core\src\components\base\select\TBlockSelect.vue", "Vue", 0, 0, 0, 0, 0, 0, 0, 0, 125, 0, 0, 0, 4, 26, 155
"e:\Workspace\Applications\talex-touch\app\core\src\components\base\select\TLabelSelect.vue", "Vue", 0, 0, 0, 0, 0, 0, 0, 0, 81, 0, 0, 0, 0, 20, 101
"e:\Workspace\Applications\talex-touch\app\core\src\components\base\select\TLabelSelectItem.vue", "Vue", 0, 0, 0, 0, 0, 0, 0, 0, 37, 0, 0, 0, 0, 7, 44
"e:\Workspace\Applications\talex-touch\app\core\src\components\base\select\TSelect.vue", "Vue", 0, 0, 0, 0, 0, 0, 0, 0, 168, 0, 0, 0, 13, 38, 219
"e:\Workspace\Applications\talex-touch\app\core\src\components\base\select\TSelectItem.vue", "Vue", 0, 0, 0, 0, 0, 0, 0, 0, 40, 0, 0, 0, 3, 6, 49
"e:\Workspace\Applications\talex-touch\app\core\src\components\base\switch\TBlockSwitch.vue", "Vue", 0, 0, 0, 0, 0, 0, 0, 0, 131, 0, 0, 0, 33, 36, 200
"e:\Workspace\Applications\talex-touch\app\core\src\components\base\switch\TSwitch.vue", "Vue", 0, 0, 0, 0, 0, 0, 0, 0, 51, 0, 0, 0, 2, 20, 73
"e:\Workspace\Applications\talex-touch\app\core\src\components\base\template\ActionTemplate.vue", "Vue", 0, 0, 0, 0, 0, 0, 0, 0, 30, 0, 0, 0, 0, 6, 36
"e:\Workspace\Applications\talex-touch\app\core\src\components\base\template\BlockTemplate.vue", "Vue", 0, 0, 0, 0, 0, 0, 0, 0, 31, 0, 0, 0, 0, 3, 34
"e:\Workspace\Applications\talex-touch\app\core\src\components\base\template\BrickTemplate.vue", "Vue", 0, 0, 0, 0, 0, 0, 0, 0, 26, 0, 0, 0, 0, 3, 29
"e:\Workspace\Applications\talex-touch\app\core\src\components\base\template\FormTemplate.vue", "Vue", 0, 0, 0, 0, 0, 0, 0, 0, 108, 0, 0, 0, 0, 29, 137
"e:\Workspace\Applications\talex-touch\app\core\src\components\base\template\LineTemplate.vue", "Vue", 0, 0, 0, 0, 0, 0, 0, 0, 77, 0, 0, 0, 1, 16, 94
"e:\Workspace\Applications\talex-touch\app\core\src\components\base\template\ViewTemplate.vue", "Vue", 0, 0, 0, 0, 0, 0, 0, 0, 44, 0, 0, 0, 0, 11, 55
"e:\Workspace\Applications\talex-touch\app\core\src\components\icon\AppLogo.vue", "Vue", 0, 0, 0, 0, 0, 0, 0, 0, 6, 0, 0, 0, 0, 2, 8
"e:\Workspace\Applications\talex-touch\app\core\src\components\icon\LoadingIcon.vue", "Vue", 0, 0, 0, 0, 0, 0, 0, 0, 58, 0, 0, 0, 0, 30, 88
"e:\Workspace\Applications\talex-touch\app\core\src\components\icon\OSIcon.vue", "Vue", 0, 0, 0, 0, 0, 0, 0, 0, 49, 0, 0, 0, 0, 6, 55
"e:\Workspace\Applications\talex-touch\app\core\src\components\icon\RemixAnimateIcon.vue", "Vue", 0, 0, 0, 0, 0, 0, 0, 0, 47, 0, 0, 0, 0, 9, 56
"e:\Workspace\Applications\talex-touch\app\core\src\components\icon\RemixIcon.vue", "Vue", 0, 0, 0, 0, 0, 0, 0, 0, 28, 0, 0, 0, 2, 4, 34
"e:\Workspace\Applications\talex-touch\app\core\src\components\icon\lotties\LottieFrame.vue", "Vue", 0, 0, 0, 0, 0, 0, 0, 0, 38, 0, 0, 0, 0, 10, 48
"e:\Workspace\Applications\talex-touch\app\core\src\components\icon\svg\IdentifiedIcon.vue", "Vue", 0, 0, 0, 0, 0, 0, 0, 0, 14, 0, 0, 0, 0, 5, 19
"e:\Workspace\Applications\talex-touch\app\core\src\components\market\MarketItem.vue", "Vue", 0, 0, 0, 0, 0, 0, 0, 0, 21, 0, 0, 0, 1, 5, 27
"e:\Workspace\Applications\talex-touch\app\core\src\components\menu\TouchMenu.vue", "Vue", 0, 0, 0, 0, 0, 0, 0, 0, 60, 0, 0, 0, 0, 24, 84
"e:\Workspace\Applications\talex-touch\app\core\src\components\menu\TouchMenuItem.vue", "Vue", 0, 0, 0, 0, 0, 0, 0, 0, 84, 0, 0, 0, 0, 17, 101
"e:\Workspace\Applications\talex-touch\app\core\src\components\plugin\PluginIcon.vue", "Vue", 0, 0, 0, 0, 0, 0, 0, 0, 107, 0, 0, 0, 0, 28, 135
"e:\Workspace\Applications\talex-touch\app\core\src\components\plugin\PluginInfo.vue", "Vue", 0, 0, 0, 0, 0, 0, 0, 0, 113, 0, 0, 0, 0, 14, 127
"e:\Workspace\Applications\talex-touch\app\core\src\components\plugin\PluginItem.vue", "Vue", 0, 0, 0, 0, 0, 0, 0, 0, 156, 0, 0, 0, 30, 39, 225
"e:\Workspace\Applications\talex-touch\app\core\src\components\plugin\PluginView.vue", "Vue", 0, 0, 0, 0, 0, 0, 0, 0, 135, 0, 0, 0, 8, 41, 184
"e:\Workspace\Applications\talex-touch\app\core\src\components\plugin\action\PluginStatus.vue", "Vue", 0, 0, 0, 0, 0, 0, 0, 0, 170, 0, 0, 0, 1, 35, 206
"e:\Workspace\Applications\talex-touch\app\core\src\components\plugin\action\mention\PluginApplyInstall.vue", "Vue", 0, 0, 0, 0, 0, 0, 0, 0, 87, 0, 0, 0, 3, 24, 114
"e:\Workspace\Applications\talex-touch\app\core\src\components\plugin\layout\PluginCard.vue", "Vue", 0, 0, 0, 0, 0, 0, 0, 0, 124, 0, 0, 0, 4, 29, 157
"e:\Workspace\Applications\talex-touch\app\core\src\components\plugin\layout\PluginList.vue", "Vue", 0, 0, 0, 0, 0, 0, 0, 0, 76, 0, 0, 0, 0, 23, 99
"e:\Workspace\Applications\talex-touch\app\core\src\components\plugin\layout\PluginListModule.vue", "Vue", 0, 0, 0, 0, 0, 0, 0, 0, 165, 0, 0, 0, 3, 55, 223
"e:\Workspace\Applications\talex-touch\app\core\src\components\tabs\TMenuItem.vue", "Vue", 0, 0, 0, 0, 0, 0, 0, 0, 103, 0, 0, 0, 2, 13, 118
"e:\Workspace\Applications\talex-touch\app\core\src\components\tabs\TMenuTabs.vue", "Vue", 0, 0, 0, 0, 0, 0, 0, 0, 108, 0, 0, 0, 4, 40, 152
"e:\Workspace\Applications\talex-touch\app\core\src\components\tabs\TTabHeader.vue", "Vue", 0, 0, 0, 0, 0, 0, 0, 0, 28, 0, 0, 0, 4, 8, 40
"e:\Workspace\Applications\talex-touch\app\core\src\components\tabs\TTabItem.vue", "Vue", 0, 0, 0, 0, 0, 0, 0, 0, 82, 0, 0, 0, 5, 10, 97
"e:\Workspace\Applications\talex-touch\app\core\src\components\tabs\TTabItemGroup.vue", "Vue", 0, 0, 0, 0, 0, 0, 0, 0, 9, 0, 0, 0, 0, 4, 13
"e:\Workspace\Applications\talex-touch\app\core\src\components\tabs\TTabs.vue", "Vue", 0, 0, 0, 0, 0, 0, 0, 0, 243, 0, 0, 0, 55, 102, 400
"e:\Workspace\Applications\talex-touch\app\core\src\components\tabs\vertical\TvTabItem.vue", "Vue", 0, 0, 0, 0, 0, 0, 0, 0, 75, 0, 0, 0, 5, 10, 90
"e:\Workspace\Applications\talex-touch\app\core\src\components\tabs\vertical\TvTabItemGroup.vue", "Vue", 0, 0, 0, 0, 0, 0, 0, 0, 5, 0, 0, 0, 0, 0, 5
"e:\Workspace\Applications\talex-touch\app\core\src\components\tabs\vertical\TvTabs.vue", "Vue", 0, 0, 0, 0, 0, 0, 0, 0, 159, 0, 0, 0, 18, 49, 226
"e:\Workspace\Applications\talex-touch\app\core\src\components\terminal\InteractiveTerminal.vue", "Vue", 0, 0, 0, 0, 0, 0, 0, 0, 62, 0, 0, 0, 4, 17, 83
"e:\Workspace\Applications\talex-touch\app\core\src\components\terminal\LogTerminal.vue", "Vue", 0, 0, 0, 0, 0, 0, 0, 0, 70, 0, 0, 0, 12, 27, 109
"e:\Workspace\Applications\talex-touch\app\core\src\components\tree\FileTree.vue", "Vue", 0, 0, 0, 0, 0, 0, 0, 0, 177, 0, 0, 0, 4, 33, 214
"e:\Workspace\Applications\talex-touch\app\core\src\env.d.ts", "TypeScript", 0, 0, 0, 0, 0, 47, 0, 0, 0, 0, 0, 0, 2, 5, 54
"e:\Workspace\Applications\talex-touch\app\core\src\main.ts", "TypeScript", 0, 0, 0, 0, 0, 26, 0, 0, 0, 0, 0, 0, 0, 9, 35
"e:\Workspace\Applications\talex-touch\app\core\src\modules\channel\channel-core.ts", "TypeScript", 0, 0, 0, 0, 0, 146, 0, 0, 0, 0, 0, 0, 2, 33, 181
"e:\Workspace\Applications\talex-touch\app\core\src\modules\channel\main\index.ts", "TypeScript", 0, 0, 0, 0, 0, 3, 0, 0, 0, 0, 0, 0, 0, 2, 5
"e:\Workspace\Applications\talex-touch\app\core\src\modules\channel\main\node.ts", "TypeScript", 0, 0, 0, 0, 0, 28, 0, 0, 0, 0, 0, 0, 0, 10, 38
"e:\Workspace\Applications\talex-touch\app\core\src\modules\channel\main\shortcon.ts", "TypeScript", 0, 0, 0, 0, 0, 18, 0, 0, 0, 0, 0, 0, 0, 7, 25
"e:\Workspace\Applications\talex-touch\app\core\src\modules\channel\plugin-core\api.ts", "TypeScript", 0, 0, 0, 0, 0, 35, 0, 0, 0, 0, 0, 0, 35, 19, 89
"e:\Workspace\Applications\talex-touch\app\core\src\modules\channel\plugin-core\index.ts", "TypeScript", 0, 0, 0, 0, 0, 2, 0, 0, 0, 0, 0, 0, 0, 2, 4
"e:\Workspace\Applications\talex-touch\app\core\src\modules\channel\storage\accounter.ts", "TypeScript", 0, 0, 0, 0, 0, 81, 0, 0, 0, 0, 0, 0, 1, 16, 98
"e:\Workspace\Applications\talex-touch\app\core\src\modules\channel\storage\index.ts", "TypeScript", 0, 0, 0, 0, 0, 126, 0, 0, 0, 0, 0, 0, 9, 28, 163
"e:\Workspace\Applications\talex-touch\app\core\src\modules\hooks\adopters\plugin-adpoter.ts", "TypeScript", 0, 0, 0, 0, 0, 96, 0, 0, 0, 0, 0, 0, 3, 21, 120
"e:\Workspace\Applications\talex-touch\app\core\src\modules\hooks\api\useAccount.ts", "TypeScript", 0, 0, 0, 0, 0, 32, 0, 0, 0, 0, 0, 0, 0, 4, 36
"e:\Workspace\Applications\talex-touch\app\core\src\modules\hooks\api\useGeneralAPI.ts", "TypeScript", 0, 0, 0, 0, 0, 17, 0, 0, 0, 0, 0, 0, 0, 11, 28
"e:\Workspace\Applications\talex-touch\app\core\src\modules\hooks\api\useUpdate.ts", "TypeScript", 0, 0, 0, 0, 0, 132, 0, 0, 0, 0, 0, 0, 8, 26, 166
"e:\Workspace\Applications\talex-touch\app\core\src\modules\hooks\application-hooks.ts", "TypeScript", 0, 0, 0, 0, 0, 216, 0, 0, 0, 0, 0, 0, 28, 51, 295
"e:\Workspace\Applications\talex-touch\app\core\src\modules\hooks\core-box.ts", "TypeScript", 0, 0, 0, 0, 0, 17, 0, 0, 0, 0, 0, 0, 0, 4, 21
"e:\Workspace\Applications\talex-touch\app\core\src\modules\hooks\env-hooks.ts", "TypeScript", 0, 0, 0, 0, 0, 35, 0, 0, 0, 0, 0, 0, 4, 14, 53
"e:\Workspace\Applications\talex-touch\app\core\src\modules\hooks\function-hooks.ts", "TypeScript", 0, 0, 0, 0, 0, 19, 0, 0, 0, 0, 0, 0, 0, 8, 27
"e:\Workspace\Applications\talex-touch\app\core\src\modules\mention\dialog-mention.ts", "TypeScript", 0, 0, 0, 0, 0, 166, 0, 0, 0, 0, 0, 0, 10, 53, 229
"e:\Workspace\Applications\talex-touch\app\core\src\modules\mousetrap-record.ts", "TypeScript", 0, 0, 0, 0, 0, 84, 0, 0, 0, 0, 0, 0, 98, 27, 209
"e:\Workspace\Applications\talex-touch\app\core\src\modules\storage\AppStorage.ts", "TypeScript", 0, 0, 0, 0, 0, 1, 0, 0, 0, 0, 0, 0, 0, 0, 1
"e:\Workspace\Applications\talex-touch\app\core\src\modules\storage\plugin-settings.ts", "TypeScript", 0, 0, 0, 0, 0, 29, 0, 0, 0, 0, 0, 0, 0, 3, 32
"e:\Workspace\Applications\talex-touch\app\core\src\modules\storage\theme-style.ts", "TypeScript", 0, 0, 0, 0, 0, 57, 0, 0, 0, 0, 0, 0, 2, 9, 68
"e:\Workspace\Applications\talex-touch\app\core\src\shims-vue.d.ts", "TypeScript", 0, 0, 0, 0, 0, 5, 0, 0, 0, 0, 0, 0, 0, 0, 5
"e:\Workspace\Applications\talex-touch\app\core\src\styles\element\index.scss", "SCSS", 0, 0, 0, 0, 0, 0, 0, 0, 0, 9, 0, 0, 0, 1, 10
"e:\Workspace\Applications\talex-touch\app\core\src\styles\index.scss", "SCSS", 0, 0, 0, 0, 0, 0, 0, 0, 0, 294, 0, 0, 15, 81, 390
"e:\Workspace\Applications\talex-touch\app\core\src\views\base\Market.vue", "Vue", 0, 0, 0, 0, 0, 0, 0, 0, 216, 0, 0, 0, 1, 42, 259
"e:\Workspace\Applications\talex-touch\app\core\src\views\base\Plugin.vue", "Vue", 0, 0, 0, 0, 0, 0, 0, 0, 387, 0, 0, 0, 4, 101, 492
"e:\Workspace\Applications\talex-touch\app\core\src\views\base\application\AppConfigure.vue", "Vue", 0, 0, 0, 0, 0, 0, 0, 0, 206, 0, 0, 0, 4, 49, 259
"e:\Workspace\Applications\talex-touch\app\core\src\views\base\application\AppList.vue", "Vue", 0, 0, 0, 0, 0, 0, 0, 0, 219, 0, 0, 0, 5, 58, 282
"e:\Workspace\Applications\talex-touch\app\core\src\views\base\application\ApplicationEmpty.vue", "Vue", 0, 0, 0, 0, 0, 0, 0, 0, 97, 0, 0, 0, 0, 19, 116
"e:\Workspace\Applications\talex-touch\app\core\src\views\base\application\ApplicationIndex.vue", "Vue", 0, 0, 0, 0, 0, 0, 0, 0, 61, 0, 0, 0, 0, 15, 76
"e:\Workspace\Applications\talex-touch\app\core\src\views\base\begin\Beginner.vue", "Vue", 0, 0, 0, 0, 0, 0, 0, 0, 103, 0, 0, 0, 0, 35, 138
"e:\Workspace\Applications\talex-touch\app\core\src\views\base\begin\internal\AccountDo.vue", "Vue", 0, 0, 0, 0, 0, 0, 0, 0, 157, 0, 0, 0, 0, 36, 193
"e:\Workspace\Applications\talex-touch\app\core\src\views\base\begin\internal\Done.vue", "Vue", 0, 0, 0, 0, 0, 0, 0, 0, 47, 0, 0, 0, 0, 11, 58
"e:\Workspace\Applications\talex-touch\app\core\src\views\base\begin\internal\Forbidden.vue", "Vue", 0, 0, 0, 0, 0, 0, 0, 0, 46, 0, 0, 0, 0, 12, 58
"e:\Workspace\Applications\talex-touch\app\core\src\views\base\begin\internal\Greeting.vue", "Vue", 0, 0, 0, 0, 0, 0, 0, 0, 42, 0, 0, 0, 0, 11, 53
"e:\Workspace\Applications\talex-touch\app\core\src\views\base\begin\internal\License.vue", "Vue", 0, 0, 0, 0, 0, 0, 0, 0, 39, 0, 0, 0, 0, 10, 49
"e:\Workspace\Applications\talex-touch\app\core\src\views\base\begin\internal\OptionMode.vue", "Vue", 0, 0, 0, 0, 0, 0, 0, 0, 146, 0, 0, 0, 1, 31, 178
"e:\Workspace\Applications\talex-touch\app\core\src\views\base\begin\internal\Protocol.vue", "Vue", 0, 0, 0, 0, 0, 0, 0, 0, 39, 0, 0, 0, 0, 11, 50
"e:\Workspace\Applications\talex-touch\app\core\src\views\base\home\HomeBanner.vue", "Vue", 0, 0, 0, 0, 0, 0, 0, 0, 91, 0, 0, 0, 0, 28, 119
"e:\Workspace\Applications\talex-touch\app\core\src\views\base\home\HomeContent.vue", "Vue", 0, 0, 0, 0, 0, 0, 0, 0, 76, 0, 0, 0, 1, 18, 95
"e:\Workspace\Applications\talex-touch\app\core\src\views\base\home\HomePage.vue", "Vue", 0, 0, 0, 0, 0, 0, 0, 0, 28, 0, 0, 0, 0, 7, 35
"e:\Workspace\Applications\talex-touch\app\core\src\views\base\home\TopPlugins.vue", "Vue", 0, 0, 0, 0, 0, 0, 0, 0, 168, 0, 0, 0, 2, 31, 201
"e:\Workspace\Applications\talex-touch\app\core\src\views\base\market\MarketSourceEditor.vue", "Vue", 0, 0, 0, 0, 0, 0, 0, 0, 230, 0, 0, 0, 6, 41, 277
"e:\Workspace\Applications\talex-touch\app\core\src\views\base\plugin\PluginNew.vue", "Vue", 0, 0, 0, 0, 0, 0, 0, 0, 195, 0, 0, 0, 2, 28, 225
"e:\Workspace\Applications\talex-touch\app\core\src\views\base\plugin\ViewPlugin.vue", "Vue", 0, 0, 0, 0, 0, 0, 0, 0, 53, 0, 0, 0, 2, 8, 63
"e:\Workspace\Applications\talex-touch\app\core\src\views\base\settings\AppSettings.vue", "Vue", 0, 0, 0, 0, 0, 0, 0, 0, 63, 0, 0, 0, 5, 21, 89
"e:\Workspace\Applications\talex-touch\app\core\src\views\base\settings\SettingAbout.vue", "Vue", 0, 0, 0, 0, 0, 0, 0, 0, 168, 0, 0, 0, 3, 25, 196
"e:\Workspace\Applications\talex-touch\app\core\src\views\base\settings\SettingHeader.vue", "Vue", 0, 0, 0, 0, 0, 0, 0, 0, 252, 0, 0, 0, 6, 64, 322
"e:\Workspace\Applications\talex-touch\app\core\src\views\base\settings\SettingLanguage.vue", "Vue", 0, 0, 0, 0, 0, 0, 0, 0, 37, 0, 0, 0, 0, 4, 41
"e:\Workspace\Applications\talex-touch\app\core\src\views\base\settings\SettingTools.vue", "Vue", 0, 0, 0, 0, 0, 0, 0, 0, 76, 0, 0, 0, 0, 7, 83
"e:\Workspace\Applications\talex-touch\app\core\src\views\base\settings\SettingUser.vue", "Vue", 0, 0, 0, 0, 0, 0, 0, 0, 32, 0, 0, 0, 0, 3, 35
"e:\Workspace\Applications\talex-touch\app\core\src\views\base\styles\SectionItem.vue", "Vue", 0, 0, 0, 0, 0, 0, 0, 0, 127, 0, 0, 0, 4, 28, 159
"e:\Workspace\Applications\talex-touch\app\core\src\views\base\styles\ThemeStyle.vue", "Vue", 0, 0, 0, 0, 0, 0, 0, 0, 120, 0, 0, 0, 1, 12, 133
"e:\Workspace\Applications\talex-touch\app\core\src\views\base\styles\WindowSection.vue", "Vue", 0, 0, 0, 0, 0, 0, 0, 0, 204, 0, 0, 0, 8, 65, 277
"e:\Workspace\Applications\talex-touch\app\core\src\views\base\styles\sub\ThemePreference.vue", "Vue", 0, 0, 0, 0, 0, 0, 0, 0, 122, 0, 0, 0, 1, 22, 145
"e:\Workspace\Applications\talex-touch\app\core\src\views\box\BoxItem.vue", "Vue", 0, 0, 0, 0, 0, 0, 0, 0, 149, 0, 0, 0, 4, 42, 195
"e:\Workspace\Applications\talex-touch\app\core\src\views\box\CoreBox.vue", "Vue", 0, 0, 0, 0, 0, 0, 0, 0, 282, 0, 0, 0, 40, 76, 398
"e:\Workspace\Applications\talex-touch\app\core\src\views\box\search-box.ts", "TypeScript", 0, 0, 0, 0, 0, 81, 0, 0, 0, 0, 0, 0, 1, 27, 109
"e:\Workspace\Applications\talex-touch\app\core\src\views\box\search-core.ts", "TypeScript", 0, 0, 0, 0, 0, 99, 0, 0, 0, 0, 0, 0, 5, 30, 134
"e:\Workspace\Applications\talex-touch\app\core\src\views\box\tag\FileTag.vue", "Vue", 0, 0, 0, 0, 0, 0, 0, 0, 63, 0, 0, 0, 0, 19, 82
"e:\Workspace\Applications\talex-touch\app\core\src\views\layout\AppLayout.vue", "Vue", 0, 0, 0, 0, 0, 0, 0, 0, 143, 0, 0, 0, 5, 47, 195
"e:\Workspace\Applications\talex-touch\app\core\src\views\layout\flat\FlatController.vue", "Vue", 0, 0, 0, 0, 0, 0, 0, 0, 110, 0, 0, 0, 3, 37, 150
"e:\Workspace\Applications\talex-touch\app\core\src\views\layout\flat\FlatLayout.vue", "Vue", 0, 0, 0, 0, 0, 0, 0, 0, 104, 0, 0, 0, 1, 29, 134
"e:\Workspace\Applications\talex-touch\app\core\src\views\layout\flat\FlatNavBar.vue", "Vue", 0, 0, 0, 0, 0, 0, 0, 0, 99, 0, 0, 0, 0, 20, 119
"e:\Workspace\Applications\talex-touch\app\core\src\views\others\account\AccountView.vue", "Vue", 0, 0, 0, 0, 0, 0, 0, 0, 41, 0, 0, 0, 1, 9, 51
"e:\Workspace\Applications\talex-touch\app\core\src\views\others\account\EmailVerifyView.vue", "Vue", 0, 0, 0, 0, 0, 0, 0, 0, 40, 0, 0, 0, 1, 8, 49
"e:\Workspace\Applications\talex-touch\app\core\src\views\others\account\EmailView.vue", "Vue", 0, 0, 0, 0, 0, 0, 0, 0, 40, 0, 0, 0, 1, 10, 51
"e:\Workspace\Applications\talex-touch\app\core\src\views\others\account\PasswordView.vue", "Vue", 0, 0, 0, 0, 0, 0, 0, 0, 75, 0, 0, 0, 3, 17, 95
"e:\Workspace\Applications\talex-touch\app\core\src\views\others\account\Sign.vue", "Vue", 0, 0, 0, 0, 0, 0, 0, 0, 272, 0, 0, 0, 6, 83, 361
"e:\Workspace\Applications\talex-touch\app\core\src\views\others\account\SignSucceed.vue", "Vue", 0, 0, 0, 0, 0, 0, 0, 0, 33, 0, 0, 0, 1, 3, 37
"e:\Workspace\Applications\talex-touch\app\core\src\views\others\captcha\TouchCaptcha.vue", "Vue", 0, 0, 0, 0, 0, 0, 0, 0, 259, 0, 0, 0, 7, 79, 345
"e:\Workspace\Applications\talex-touch\app\core\tsconfig.json", "JSON with Comments", 0, 71, 0, 0, 0, 0, 0, 0, 0, 0, 0, 0, 3, 0, 74
"e:\Workspace\Applications\talex-touch\app\core\tsconfig.node.json", "JSON", 0, 0, 0, 0, 10, 0, 0, 0, 0, 0, 0, 0, 0, 1, 11
"e:\Workspace\Applications\talex-touch\app\core\uno.config.ts", "TypeScript", 0, 0, 0, 0, 0, 32, 0, 0, 0, 0, 0, 0, 11, 2, 45
"e:\Workspace\Applications\talex-touch\app\core\vite.config.ts", "TypeScript", 0, 0, 0, 0, 0, 112, 0, 0, 0, 0, 0, 0, 7, 4, 123
"e:\Workspace\Applications\talex-touch\app\docs\.vitepress\cache\deps\_metadata.json", "JSON", 0, 0, 0, 0, 23, 0, 0, 0, 0, 0, 0, 0, 0, 0, 23
"e:\Workspace\Applications\talex-touch\app\docs\.vitepress\cache\deps\chunk-VIOCOIKA.js", "JavaScript", 9274, 0, 0, 0, 0, 0, 0, 0, 0, 0, 0, 0, 243, 8, 9525
"e:\Workspace\Applications\talex-touch\app\docs\.vitepress\cache\deps\fighting-design.js", "JavaScript", 7016, 0, 0, 0, 0, 0, 0, 0, 0, 0, 0, 0, 304, 304, 7624
"e:\Workspace\Applications\talex-touch\app\docs\.vitepress\cache\deps\package.json", "JSON", 0, 0, 0, 0, 3, 0, 0, 0, 0, 0, 0, 0, 0, 1, 4
"e:\Workspace\Applications\talex-touch\app\docs\.vitepress\cache\deps\vue.js", "JavaScript", 296, 0, 0, 0, 0, 0, 0, 0, 0, 0, 0, 0, 1, 1, 298
"e:\Workspace\Applications\talex-touch\app\docs\.vitepress\config.ts", "TypeScript", 0, 0, 0, 0, 0, 42, 0, 0, 0, 0, 0, 0, 30, 2, 74
"e:\Workspace\Applications\talex-touch\app\docs\.vitepress\config\nav.ts", "TypeScript", 0, 0, 0, 0, 0, 17, 0, 0, 0, 0, 0, 0, 6, 1, 24
"e:\Workspace\Applications\talex-touch\app\docs\.vitepress\config\sidebar.ts", "TypeScript", 0, 0, 0, 0, 0, 60, 0, 0, 0, 0, 0, 0, 14, 4, 78
"e:\Workspace\Applications\talex-touch\app\docs\.vitepress\plugin\index.ts", "TypeScript", 0, 0, 0, 0, 0, 1, 0, 0, 0, 0, 0, 0, 0, 1, 2
"e:\Workspace\Applications\talex-touch\app\docs\.vitepress\plugin\plugin-table.ts", "TypeScript", 0, 0, 0, 0, 0, 5, 0, 0, 0, 0, 0, 0, 5, 2, 12
"e:\Workspace\Applications\talex-touch\app\docs\.vitepress\theme\components\base\Logo.vue", "Vue", 0, 0, 0, 0, 0, 0, 0, 0, 60, 0, 0, 0, 1, 21, 82
"e:\Workspace\Applications\talex-touch\app\docs\.vitepress\theme\components\base\TouchBubbles.vue", "Vue", 0, 0, 0, 0, 0, 0, 0, 0, 72, 0, 0, 0, 0, 12, 84
"e:\Workspace\Applications\talex-touch\app\docs\.vitepress\theme\components\vp-home.vue", "Vue", 0, 0, 0, 0, 0, 0, 0, 0, 306, 0, 0, 0, 3, 85, 394
"e:\Workspace\Applications\talex-touch\app\docs\.vitepress\theme\components\vp-search.vue", "Vue", 0, 0, 0, 0, 0, 0, 0, 0, 16, 0, 0, 0, 0, 6, 22
"e:\Workspace\Applications\talex-touch\app\docs\.vitepress\theme\index.ts", "TypeScript", 0, 0, 0, 0, 0, 10, 0, 0, 0, 0, 0, 0, 19, 3, 32
"e:\Workspace\Applications\talex-touch\app\docs\.vitepress\theme\style\index.scss", "SCSS", 0, 0, 0, 0, 0, 0, 0, 0, 0, 166, 0, 0, 11, 46, 223
"e:\Workspace\Applications\talex-touch\app\docs\.vitepress\theme\vite-env.d.ts", "TypeScript", 0, 0, 0, 0, 0, 5, 0, 0, 0, 0, 0, 0, 1, 2, 8
"e:\Workspace\Applications\talex-touch\app\docs\CHANGELOG.md", "Markdown", 0, 0, 70, 0, 0, 0, 0, 0, 0, 0, 0, 0, 0, 39, 109
"e:\Workspace\Applications\talex-touch\app\docs\README.md", "Markdown", 0, 0, 4, 0, 0, 0, 0, 0, 0, 0, 0, 0, 0, 4, 8
"e:\Workspace\Applications\talex-touch\app\docs\docs\about\changelog.md", "Markdown", 0, 0, 121, 0, 0, 0, 0, 0, 0, 0, 0, 0, 0, 54, 175
"e:\Workspace\Applications\talex-touch\app\docs\docs\about\team.md", "Markdown", 0, 0, 33, 0, 0, 0, 0, 0, 0, 0, 0, 0, 0, 4, 37
"e:\Workspace\Applications\talex-touch\app\docs\docs\documents\account.md", "Markdown", 0, 0, 31, 0, 0, 0, 0, 0, 0, 0, 0, 0, 0, 21, 52
"e:\Workspace\Applications\talex-touch\app\docs\docs\documents\index.md", "Markdown", 0, 0, 14, 0, 0, 0, 0, 0, 0, 0, 0, 0, 0, 14, 28
"e:\Workspace\Applications\talex-touch\app\docs\docs\documents\start.md", "Markdown", 0, 0, 36, 0, 0, 0, 0, 0, 0, 0, 0, 0, 0, 26, 62
"e:\Workspace\Applications\talex-touch\app\docs\docs\hello.md", "Markdown", 0, 0, 34, 0, 0, 0, 0, 0, 0, 0, 0, 0, 0, 17, 51
"e:\Workspace\Applications\talex-touch\app\docs\docs\plugins\api\event.md", "Markdown", 0, 0, 5, 0, 0, 0, 0, 0, 0, 0, 0, 0, 0, 2, 7
"e:\Workspace\Applications\talex-touch\app\docs\docs\plugins\config\init.md", "Markdown", 0, 0, 107, 0, 0, 0, 0, 0, 0, 0, 0, 0, 0, 52, 159
"e:\Workspace\Applications\talex-touch\app\docs\docs\plugins\config\manifest.md", "Markdown", 0, 0, 122, 0, 0, 0, 0, 0, 0, 0, 0, 0, 0, 62, 184
"e:\Workspace\Applications\talex-touch\app\docs\docs\plugins\feature\examples.md", "Markdown", 0, 0, 1, 0, 0, 0, 0, 0, 0, 0, 0, 0, 0, 0, 1
"e:\Workspace\Applications\talex-touch\app\docs\docs\plugins\feature\index.md", "Markdown", 0, 0, 1, 0, 0, 0, 0, 0, 0, 0, 0, 0, 0, 0, 1
"e:\Workspace\Applications\talex-touch\app\docs\docs\plugins\feature\overview.md", "Markdown", 0, 0, 1, 0, 0, 0, 0, 0, 0, 0, 0, 0, 0, 0, 1
"e:\Workspace\Applications\talex-touch\app\docs\docs\plugins\introduction.md", "Markdown", 0, 0, 39, 0, 0, 0, 0, 0, 0, 0, 0, 0, 0, 15, 54
"e:\Workspace\Applications\talex-touch\app\docs\docs\plugins\preloadjs.md", "Markdown", 0, 0, 41, 0, 0, 0, 0, 0, 0, 0, 0, 0, 0, 27, 68
"e:\Workspace\Applications\talex-touch\app\docs\docs\q-a\index.md", "Markdown", 0, 0, 2, 0, 0, 0, 0, 0, 0, 0, 0, 0, 0, 2, 4
"e:\Workspace\Applications\talex-touch\app\docs\images\assets\lotties\compress-loading.json", "JSON", 0, 0, 0, 0, 1, 0, 0, 0, 0, 0, 0, 0, 0, 0, 1
"e:\Workspace\Applications\talex-touch\app\docs\images\assets\lotties\empty.json", "JSON", 0, 0, 0, 0, 1, 0, 0, 0, 0, 0, 0, 0, 0, 0, 1
"e:\Workspace\Applications\talex-touch\app\docs\images\assets\lotties\hello.json", "JSON", 0, 0, 0, 0, 1, 0, 0, 0, 0, 0, 0, 0, 0, 0, 1
"e:\Workspace\Applications\talex-touch\app\docs\images\assets\lotties\lotties.json", "JSON", 0, 0, 0, 0, 55, 0, 0, 0, 0, 0, 0, 0, 0, 1, 56
"e:\Workspace\Applications\talex-touch\app\docs\images\logo.svg", "HTML", 0, 0, 0, 0, 0, 0, 18, 0, 0, 0, 0, 0, 0, 1, 19
"e:\Workspace\Applications\talex-touch\app\docs\index.md", "Markdown", 0, 0, 11, 0, 0, 0, 0, 0, 0, 0, 0, 0, 0, 3, 14
"e:\Workspace\Applications\talex-touch\app\docs\package-lock.json", "JSON", 0, 0, 0, 0, 2810, 0, 0, 0, 0, 0, 0, 0, 0, 1, 2811
"e:\Workspace\Applications\talex-touch\app\docs\package.json", "JSON", 0, 0, 0, 0, 19, 0, 0, 0, 0, 0, 0, 0, 0, 1, 20
"e:\Workspace\Applications\talex-touch\app\docs\tsconfig.json", "JSON with Comments", 0, 28, 0, 0, 0, 0, 0, 0, 0, 0, 0, 0, 1, 0, 29
"e:\Workspace\Applications\talex-touch\app\docs\vite.config.ts", "TypeScript", 0, 0, 0, 0, 0, 17, 0, 0, 0, 0, 0, 0, 32, 3, 52
"e:\Workspace\Applications\talex-touch\app\pc-app\dist-electron\main\index.js", "JavaScript", 86, 0, 0, 0, 0, 0, 0, 0, 0, 0, 0, 0, 6, 1, 93
"e:\Workspace\Applications\talex-touch\app\pc-app\dist-electron\preload\index.mjs", "JavaScript", 97, 0, 0, 0, 0, 0, 0, 0, 0, 0, 0, 0, 3, 1, 101
"e:\Workspace\Applications\talex-touch\auto-imports.d.ts", "TypeScript", 0, 0, 0, 0, 0, 57, 0, 0, 0, 0, 0, 0, 6, 1, 64
"e:\Workspace\Applications\talex-touch\commitlint.config.cts", "TypeScript", 0, 0, 0, 0, 0, 54, 0, 0, 0, 0, 0, 0, 0, 1, 55
"e:\Workspace\Applications\talex-touch\components.d.ts", "TypeScript", 0, 0, 0, 0, 0, 8, 0, 0, 0, 0, 0, 0, 5, 3, 16
"e:\Workspace\Applications\talex-touch\package.json", "JSON", 0, 0, 0, 0, 36, 0, 0, 0, 0, 0, 0, 0, 0, 1, 37
"e:\Workspace\Applications\talex-touch\packages\help\tree-generator.ts", "TypeScript", 0, 0, 0, 0, 0, 32, 0, 0, 0, 0, 0, 0, 0, 7, 39
"e:\Workspace\Applications\talex-touch\packages\test\nodemon.json", "JSON", 0, 0, 0, 0, 10, 0, 0, 0, 0, 0, 0, 0, 0, 0, 10
"e:\Workspace\Applications\talex-touch\packages\test\package.json", "JSON", 0, 0, 0, 0, 19, 0, 0, 0, 0, 0, 0, 0, 0, 1, 20
"e:\Workspace\Applications\talex-touch\packages\test\src\common\index.test.ts", "TypeScript", 0, 0, 0, 0, 0, 20, 0, 0, 0, 0, 0, 0, 0, 8, 28
"e:\Workspace\Applications\talex-touch\packages\test\src\index.ts", "TypeScript", 0, 0, 0, 0, 0, 1, 0, 0, 0, 0, 0, 0, 0, 0, 1
"e:\Workspace\Applications\talex-touch\packages\test\tsconfig.json", "JSON with Comments", 0, 17, 0, 0, 0, 0, 0, 0, 0, 0, 0, 0, 84, 9, 110
"e:\Workspace\Applications\talex-touch\packages\test\vitest.config.ts", "TypeScript", 0, 0, 0, 0, 0, 5, 0, 0, 0, 0, 0, 0, 0, 2, 7
"e:\Workspace\Applications\talex-touch\packages\touch-view\README.md", "Markdown", 0, 0, 42, 0, 0, 0, 0, 0, 0, 0, 0, 0, 0, 32, 74
"e:\Workspace\Applications\talex-touch\packages\touch-view\auto-imports.d.ts", "TypeScript", 0, 0, 0, 0, 0, 59, 0, 0, 0, 0, 0, 0, 7, 1, 67
"e:\Workspace\Applications\talex-touch\packages\touch-view\components.d.ts", "TypeScript", 0, 0, 0, 0, 0, 7, 0, 0, 0, 0, 0, 0, 5, 2, 14
"e:\Workspace\Applications\talex-touch\packages\touch-view\package.json", "JSON", 0, 0, 0, 0, 89, 0, 0, 0, 0, 0, 0, 0, 0, 1, 90
"e:\Workspace\Applications\talex-touch\packages\touch-view\vite.config.ts", "TypeScript", 0, 0, 0, 0, 0, 104, 0, 0, 0, 0, 0, 0, 24, 5, 133
"e:\Workspace\Applications\talex-touch\packages\utils\base\index.ts", "TypeScript", 0, 0, 0, 0, 0, 159, 0, 0, 0, 0, 0, 0, 0, 23, 182
"e:\Workspace\Applications\talex-touch\packages\utils\channel\index.ts", "TypeScript", 0, 0, 0, 0, 0, 46, 0, 0, 0, 0, 0, 0, 46, 16, 108
"e:\Workspace\Applications\talex-touch\packages\utils\common\env-tool.ts", "TypeScript", 0, 0, 0, 0, 0, 49, 0, 0, 0, 0, 0, 0, 1, 7, 57
"e:\Workspace\Applications\talex-touch\packages\utils\common\index.ts", "TypeScript", 0, 0, 0, 0, 0, 25, 0, 0, 0, 0, 0, 0, 2, 13, 40
"e:\Workspace\Applications\talex-touch\packages\utils\eventbus\index.ts", "TypeScript", 0, 0, 0, 0, 0, 22, 0, 0, 0, 0, 0, 0, 53, 13, 88
"e:\Workspace\Applications\talex-touch\packages\utils\index.ts", "TypeScript", 0, 0, 0, 0, 0, 0, 0, 0, 0, 0, 0, 0, 0, 1, 1
"e:\Workspace\Applications\talex-touch\packages\utils\package.json", "JSON", 0, 0, 0, 0, 30, 0, 0, 0, 0, 0, 0, 0, 0, 1, 31
"e:\Workspace\Applications\talex-touch\packages\utils\permission\index.ts", "TypeScript", 0, 0, 0, 0, 0, 11, 0, 0, 0, 0, 0, 0, 32, 6, 49
"e:\Workspace\Applications\talex-touch\packages\utils\plugin\channel.ts", "TypeScript", 0, 0, 0, 0, 0, 152, 0, 0, 0, 0, 0, 0, 5, 37, 194
"e:\Workspace\Applications\talex-touch\packages\utils\plugin\index.ts", "TypeScript", 0, 0, 0, 0, 0, 104, 0, 0, 0, 0, 0, 0, 0, 22, 126
"e:\Workspace\Applications\talex-touch\packages\utils\plugin\preload.ts", "TypeScript", 0, 0, 0, 0, 0, 32, 0, 0, 0, 0, 0, 0, 1, 7, 40
"e:\Workspace\Applications\talex-touch\packages\utils\plugin\sdk\common.ts", "TypeScript", 0, 0, 0, 0, 0, 19, 0, 0, 0, 0, 0, 0, 0, 9, 28
"e:\Workspace\Applications\talex-touch\packages\utils\plugin\sdk\hooks\index.ts", "TypeScript", 0, 0, 0, 0, 0, 1, 0, 0, 0, 0, 0, 0, 0, 0, 1
"e:\Workspace\Applications\talex-touch\packages\utils\plugin\sdk\hooks\life-cycle.ts", "TypeScript", 0, 0, 0, 0, 0, 39, 0, 0, 0, 0, 0, 0, 36, 21, 96
"e:\Workspace\Applications\talex-touch\packages\utils\plugin\sdk\index.ts", "TypeScript", 0, 0, 0, 0, 0, 10, 0, 0, 0, 0, 0, 0, 1, 3, 14
"e:\Workspace\Applications\talex-touch\packages\utils\plugin\sdk\service\index.ts", "TypeScript", 0, 0, 0, 0, 0, 20, 0, 0, 0, 0, 0, 0, 2, 8, 30
"e:\Workspace\Applications\talex-touch\packages\utils\plugin\sdk\window\index.ts", "TypeScript", 0, 0, 0, 0, 0, 30, 0, 0, 0, 0, 0, 0, 0, 11, 41
"e:\Workspace\Applications\talex-touch\packages\utils\renderer\ref.ts", "TypeScript", 0, 0, 0, 0, 0, 44, 0, 0, 0, 0, 0, 0, 0, 11, 55
"e:\Workspace\Applications\talex-touch\packages\utils\service\index.ts", "TypeScript", 0, 0, 0, 0, 0, 19, 0, 0, 0, 0, 0, 0, 37, 12, 68
"e:\Workspace\Applications\talex-touch\packages\utils\service\protocol\index.ts", "TypeScript", 0, 0, 0, 0, 0, 60, 0, 0, 0, 0, 0, 0, 0, 18, 78
"e:\Workspace\Applications\talex-touch\plugins\touch-image\README.md", "Markdown", 0, 0, 11, 0, 0, 0, 0, 0, 0, 0, 0, 0, 0, 8, 19
"e:\Workspace\Applications\talex-touch\plugins\touch-image\index.html", "HTML", 0, 0, 0, 0, 0, 0, 13, 0, 0, 0, 0, 0, 10, 1, 24
"e:\Workspace\Applications\talex-touch\plugins\touch-image\package.json", "JSON", 0, 0, 0, 0, 60, 0, 0, 0, 0, 0, 0, 0, 0, 1, 61
"e:\Workspace\Applications\talex-touch\plugins\touch-image\public\vite.svg", "HTML", 0, 0, 0, 0, 0, 0, 1, 0, 0, 0, 0, 0, 0, 0, 1
"e:\Workspace\Applications\talex-touch\plugins\touch-image\src\App.vue", "Vue", 0, 0, 0, 0, 0, 0, 0, 0, 96, 0, 0, 0, 1, 22, 119
"e:\Workspace\Applications\talex-touch\plugins\touch-image\src\assets\vue.svg", "HTML", 0, 0, 0, 0, 0, 0, 1, 0, 0, 0, 0, 0, 0, 0, 1
"e:\Workspace\Applications\talex-touch\plugins\touch-image\src\main.ts", "TypeScript", 0, 0, 0, 0, 0, 13, 0, 0, 0, 0, 0, 0, 1, 6, 20
"e:\Workspace\Applications\talex-touch\plugins\touch-image\src\style.css", "PostCSS", 0, 0, 0, 0, 0, 0, 0, 0, 0, 0, 0, 21, 0, 4, 25
"e:\Workspace\Applications\talex-touch\plugins\touch-image\src\vite-env.d.ts", "TypeScript", 0, 0, 0, 0, 0, 0, 0, 0, 0, 0, 0, 0, 1, 1, 2
"e:\Workspace\Applications\talex-touch\plugins\touch-image\tsconfig.json", "JSON with Comments", 0, 21, 0, 0, 0, 0, 0, 0, 0, 0, 0, 0, 2, 3, 26
"e:\Workspace\Applications\talex-touch\plugins\touch-image\tsconfig.node.json", "JSON", 0, 0, 0, 0, 10, 0, 0, 0, 0, 0, 0, 0, 0, 1, 11
"e:\Workspace\Applications\talex-touch\plugins\touch-image\vite.config.ts", "TypeScript", 0, 0, 0, 0, 0, 16, 0, 0, 0, 0, 0, 0, 2, 3, 21
"e:\Workspace\Applications\talex-touch\plugins\touch-image\vite.config.ts.timestamp-1719106691581-0b90f1a019b44.mjs", "JavaScript", 18, 0, 0, 0, 0, 0, 0, 0, 0, 0, 0, 0, 3, 1, 22
"e:\Workspace\Applications\talex-touch\plugins\touch-music\README.md", "Markdown", 0, 0, 4, 0, 0, 0, 0, 0, 0, 0, 0, 0, 0, 4, 8
"e:\Workspace\Applications\talex-touch\plugins\touch-music\index.html", "HTML", 0, 0, 0, 0, 0, 0, 13, 0, 0, 0, 0, 0, 0, 1, 14
"e:\Workspace\Applications\talex-touch\plugins\touch-music\init.json", "JSON", 0, 0, 0, 0, 17, 0, 0, 0, 0, 0, 0, 0, 0, 1, 18
"e:\Workspace\Applications\talex-touch\plugins\touch-music\package.json", "JSON", 0, 0, 0, 0, 30, 0, 0, 0, 0, 0, 0, 0, 0, 1, 31
"e:\Workspace\Applications\talex-touch\plugins\touch-music\pnpm-lock.yaml", "YAML", 0, 0, 0, 553, 0, 0, 0, 0, 0, 0, 0, 0, 0, 85, 638
"e:\Workspace\Applications\talex-touch\plugins\touch-music\preload.js", "JavaScript", 0, 0, 0, 0, 0, 0, 0, 0, 0, 0, 0, 0, 19, 1, 20
"e:\Workspace\Applications\talex-touch\plugins\touch-music\public\vite.svg", "HTML", 0, 0, 0, 0, 0, 0, 1, 0, 0, 0, 0, 0, 0, 0, 1
"e:\Workspace\Applications\talex-touch\plugins\touch-music\src\App.vue", "Vue", 0, 0, 0, 0, 0, 0, 0, 0, 65, 0, 0, 0, 2, 24, 91
"e:\Workspace\Applications\talex-touch\plugins\touch-music\src\assets\vue.svg", "HTML", 0, 0, 0, 0, 0, 0, 1, 0, 0, 0, 0, 0, 0, 0, 1
"e:\Workspace\Applications\talex-touch\plugins\touch-music\src\components\button\IconButton.vue", "Vue", 0, 0, 0, 0, 0, 0, 0, 0, 89, 0, 0, 0, 8, 13, 110
"e:\Workspace\Applications\talex-touch\plugins\touch-music\src\components\display\IndexImages.vue", "Vue", 0, 0, 0, 0, 0, 0, 0, 0, 98, 0, 0, 0, 1, 37, 136
"e:\Workspace\Applications\talex-touch\plugins\touch-music\src\components\display\PlayStation.vue", "Vue", 0, 0, 0, 0, 0, 0, 0, 0, 132, 0, 0, 0, 0, 32, 164
"e:\Workspace\Applications\talex-touch\plugins\touch-music\src\components\icon\MusicWaving.vue", "Vue", 0, 0, 0, 0, 0, 0, 0, 0, 90, 0, 0, 0, 0, 21, 111
"e:\Workspace\Applications\talex-touch\plugins\touch-music\src\components\icon\PlayPause.vue", "Vue", 0, 0, 0, 0, 0, 0, 0, 0, 58, 0, 0, 0, 0, 13, 71
"e:\Workspace\Applications\talex-touch\plugins\touch-music\src\components\icon\RemixIcon.vue", "Vue", 0, 0, 0, 0, 0, 0, 0, 0, 28, 0, 0, 0, 5, 4, 37
"e:\Workspace\Applications\talex-touch\plugins\touch-music\src\components\music\FooterFunction.vue", "Vue", 0, 0, 0, 0, 0, 0, 0, 0, 92, 0, 0, 0, 0, 22, 114
"e:\Workspace\Applications\talex-touch\plugins\touch-music\src\components\music\FullScreenLyric.vue", "Vue", 0, 0, 0, 0, 0, 0, 0, 0, 243, 0, 0, 0, 8, 75, 326
"e:\Workspace\Applications\talex-touch\plugins\touch-music\src\components\music\PlayList.vue", "Vue", 0, 0, 0, 0, 0, 0, 0, 0, 67, 0, 0, 0, 0, 11, 78
"e:\Workspace\Applications\talex-touch\plugins\touch-music\src\components\music\base\PlayProgressBar.old.old.vue", "Vue", 0, 0, 0, 0, 0, 0, 0, 0, 62, 0, 0, 0, 6, 20, 88
"e:\Workspace\Applications\talex-touch\plugins\touch-music\src\components\music\base\PlayProgressBar.vue", "Vue", 0, 0, 0, 0, 0, 0, 0, 0, 51, 0, 0, 0, 1, 12, 64
"e:\Workspace\Applications\talex-touch\plugins\touch-music\src\components\music\bg\BlurBackGround.vue", "Vue", 0, 0, 0, 0, 0, 0, 0, 0, 33, 0, 0, 0, 22, 10, 65
"e:\Workspace\Applications\talex-touch\plugins\touch-music\src\components\music\layout\Banners.vue", "Vue", 0, 0, 0, 0, 0, 0, 0, 0, 169, 0, 0, 0, 0, 49, 218
"e:\Workspace\Applications\talex-touch\plugins\touch-music\src\components\music\layout\Footer.vue", "Vue", 0, 0, 0, 0, 0, 0, 0, 0, 230, 0, 0, 0, 10, 78, 318
"e:\Workspace\Applications\talex-touch\plugins\touch-music\src\components\music\layout\Header.vue", "Vue", 0, 0, 0, 0, 0, 0, 0, 0, 88, 0, 0, 0, 2, 24, 114
"e:\Workspace\Applications\talex-touch\plugins\touch-music\src\components\music\layout\SearchResults.vue", "Vue", 0, 0, 0, 0, 0, 0, 0, 0, 95, 0, 0, 0, 0, 24, 119
"e:\Workspace\Applications\talex-touch\plugins\touch-music\src\components\music\particle\bg\WavingParticle.outdate.vue", "Vue", 0, 0, 0, 0, 0, 0, 0, 0, 55, 0, 0, 0, 2, 18, 75
"e:\Workspace\Applications\talex-touch\plugins\touch-music\src\components\music\particle\bg\WavingParticle.vue", "Vue", 0, 0, 0, 0, 0, 0, 0, 0, 56, 0, 0, 0, 20, 25, 101
"e:\Workspace\Applications\talex-touch\plugins\touch-music\src\components\music\song\Singers.vue", "Vue", 0, 0, 0, 0, 0, 0, 0, 0, 30, 0, 0, 0, 1, 2, 33
"e:\Workspace\Applications\talex-touch\plugins\touch-music\src\components\music\song\SongItem.vue", "Vue", 0, 0, 0, 0, 0, 0, 0, 0, 165, 0, 0, 0, 4, 27, 196
"e:\Workspace\Applications\talex-touch\plugins\touch-music\src\components\music\word-lyric\WordLyricItem.vue", "Vue", 0, 0, 0, 0, 0, 0, 0, 0, 272, 0, 0, 0, 25, 73, 370
"e:\Workspace\Applications\talex-touch\plugins\touch-music\src\components\music\word-lyric\WordLyricScroller.vue", "Vue", 0, 0, 0, 0, 0, 0, 0, 0, 73, 0, 0, 0, 6, 29, 108
"e:\Workspace\Applications\talex-touch\plugins\touch-music\src\components\music\word-lyric\leaf\LyricScroller.vue", "Vue", 0, 0, 0, 0, 0, 0, 0, 0, 91, 0, 0, 0, 18, 32, 141
"e:\Workspace\Applications\talex-touch\plugins\touch-music\src\main.js", "JavaScript", 10, 0, 0, 0, 0, 0, 0, 0, 0, 0, 0, 0, 0, 4, 14
"e:\Workspace\Applications\talex-touch\plugins\touch-music\src\modules\api\index.ts", "TypeScript", 0, 0, 0, 0, 0, 1, 0, 0, 0, 0, 0, 0, 0, 0, 1
"e:\Workspace\Applications\talex-touch\plugins\touch-music\src\modules\axios.js", "JavaScript", 17, 0, 0, 0, 0, 0, 0, 0, 0, 0, 0, 0, 14, 8, 39
"e:\Workspace\Applications\talex-touch\plugins\touch-music\src\modules\entity\play-manager.ts", "TypeScript", 0, 0, 0, 0, 0, 47, 0, 0, 0, 0, 0, 0, 9, 25, 81
"e:\Workspace\Applications\talex-touch\plugins\touch-music\src\modules\entity\song-manager.ts", "TypeScript", 0, 0, 0, 0, 0, 141, 0, 0, 0, 0, 0, 0, 13, 61, 215
"e:\Workspace\Applications\talex-touch\plugins\touch-music\src\modules\entity\song-resolver.ts", "TypeScript", 0, 0, 0, 0, 0, 76, 0, 0, 0, 0, 0, 0, 0, 24, 100
"e:\Workspace\Applications\talex-touch\plugins\touch-music\src\modules\lyric.ts", "TypeScript", 0, 0, 0, 0, 0, 40, 0, 0, 0, 0, 0, 0, 1, 18, 59
"e:\Workspace\Applications\talex-touch\plugins\touch-music\src\modules\utils.ts", "TypeScript", 0, 0, 0, 0, 0, 65, 0, 0, 0, 0, 0, 0, 0, 15, 80
"e:\Workspace\Applications\talex-touch\plugins\touch-music\src\style.css", "PostCSS", 0, 0, 0, 0, 0, 0, 0, 0, 0, 0, 0, 21, 1, 5, 27
"e:\Workspace\Applications\talex-touch\plugins\touch-music\src\styles\element\index.scss", "SCSS", 0, 0, 0, 0, 0, 0, 0, 0, 0, 8, 0, 0, 0, 2, 10
"e:\Workspace\Applications\talex-touch\plugins\touch-music\tsconfig.json", "JSON with Comments", 0, 20, 0, 0, 0, 0, 0, 0, 0, 0, 0, 0, 76, 9, 105
"e:\Workspace\Applications\talex-touch\plugins\touch-music\vite.config.js", "JavaScript", 28, 0, 0, 0, 0, 0, 0, 0, 0, 0, 0, 0, 4, 3, 35
"e:\Workspace\Applications\talex-touch\plugins\touch-translation\README.md", "Markdown", 0, 0, 55, 0, 0, 0, 0, 0, 0, 0, 0, 0, 0, 33, 88
"e:\Workspace\Applications\talex-touch\plugins\touch-translation\auto-imports.d.ts", "TypeScript", 0, 0, 0, 0, 0, 861, 0, 0, 0, 0, 0, 0, 8, 1, 870
"e:\Workspace\Applications\talex-touch\plugins\touch-translation\components.d.ts", "TypeScript", 0, 0, 0, 0, 0, 10, 0, 0, 0, 0, 0, 0, 5, 2, 17
"e:\Workspace\Applications\talex-touch\plugins\touch-translation\eslint.config.js", "JavaScript", 7, 0, 0, 0, 0, 0, 0, 0, 0, 0, 0, 0, 0, 2, 9
"e:\Workspace\Applications\talex-touch\plugins\touch-translation\index.html", "HTML", 0, 0, 0, 0, 0, 0, 27, 0, 0, 0, 0, 0, 0, 1, 28
"e:\Workspace\Applications\talex-touch\plugins\touch-translation\package.json", "JSON", 0, 0, 0, 0, 54, 0, 0, 0, 0, 0, 0, 0, 0, 1, 55
"e:\Workspace\Applications\talex-touch\plugins\touch-translation\pnpm-lock.yaml", "YAML", 0, 0, 0, 5781, 0, 0, 0, 0, 0, 0, 0, 0, 0, 798, 6579
"e:\Workspace\Applications\talex-touch\plugins\touch-translation\public\favicon.svg", "HTML", 0, 0, 0, 0, 0, 0, 9, 0, 0, 0, 0, 0, 0, 1, 10
"e:\Workspace\Applications\talex-touch\plugins\touch-translation\shims.d.ts", "TypeScript", 0, 0, 0, 0, 0, 5, 0, 0, 0, 0, 0, 0, 0, 2, 7
"e:\Workspace\Applications\talex-touch\plugins\touch-translation\src\App.vue", "Vue", 0, 0, 0, 0, 0, 0, 0, 0, 6, 0, 0, 0, 0, 1, 7
"e:\Workspace\Applications\talex-touch\plugins\touch-translation\src\components\README.md", "Markdown", 0, 0, 5, 0, 0, 0, 0, 0, 0, 0, 0, 0, 0, 5, 10
"e:\Workspace\Applications\talex-touch\plugins\touch-translation\src\components\TheCounter.vue", "Vue", 0, 0, 0, 0, 0, 0, 0, 0, 17, 0, 0, 0, 0, 3, 20
"e:\Workspace\Applications\talex-touch\plugins\touch-translation\src\components\TheFooter.vue", "Vue", 0, 0, 0, 0, 0, 0, 0, 0, 14, 0, 0, 0, 0, 2, 16
"e:\Workspace\Applications\talex-touch\plugins\touch-translation\src\components\TheInput.vue", "Vue", 0, 0, 0, 0, 0, 0, 0, 0, 17, 0, 0, 0, 0, 2, 19
"e:\Workspace\Applications\talex-touch\plugins\touch-translation\src\composables\dark.ts", "TypeScript", 0, 0, 0, 0, 0, 2, 0, 0, 0, 0, 0, 0, 0, 1, 3
"e:\Workspace\Applications\talex-touch\plugins\touch-translation\src\composables\index.ts", "TypeScript", 0, 0, 0, 0, 0, 1, 0, 0, 0, 0, 0, 0, 0, 1, 2
"e:\Workspace\Applications\talex-touch\plugins\touch-translation\src\main.ts", "TypeScript", 0, 0, 0, 0, 0, 12, 0, 0, 0, 0, 0, 0, 0, 3, 15
"e:\Workspace\Applications\talex-touch\plugins\touch-translation\src\pages\README.md", "Markdown", 0, 0, 13, 0, 0, 0, 0, 0, 0, 0, 0, 0, 0, 8, 21
"e:\Workspace\Applications\talex-touch\plugins\touch-translation\src\pages\[...all].vue", "Vue", 0, 0, 0, 0, 0, 0, 0, 0, 5, 0, 0, 0, 0, 1, 6
"e:\Workspace\Applications\talex-touch\plugins\touch-translation\src\pages\hi\[name].vue", "Vue", 0, 0, 0, 0, 0, 0, 0, 0, 20, 0, 0, 0, 0, 3, 23
"e:\Workspace\Applications\talex-touch\plugins\touch-translation\src\pages\index.vue", "Vue", 0, 0, 0, 0, 0, 0, 0, 0, 40, 0, 0, 0, 0, 7, 47
"e:\Workspace\Applications\talex-touch\plugins\touch-translation\src\styles\main.css", "PostCSS", 0, 0, 0, 0, 0, 0, 0, 0, 0, 0, 0, 10, 0, 2, 12
"e:\Workspace\Applications\talex-touch\plugins\touch-translation\test\basic.test.ts", "TypeScript", 0, 0, 0, 0, 0, 6, 0, 0, 0, 0, 0, 0, 0, 2, 8
"e:\Workspace\Applications\talex-touch\plugins\touch-translation\test\component.test.ts", "TypeScript", 0, 0, 0, 0, 0, 17, 0, 0, 0, 0, 0, 0, 0, 6, 23
"e:\Workspace\Applications\talex-touch\plugins\touch-translation\tsconfig.json", "JSON with Comments", 0, 26, 0, 0, 0, 0, 0, 0, 0, 0, 0, 0, 0, 1, 27
"e:\Workspace\Applications\talex-touch\plugins\touch-translation\typed-router.d.ts", "TypeScript", 0, 0, 0, 0, 0, 14, 0, 0, 0, 0, 0, 0, 9, 3, 26
"e:\Workspace\Applications\talex-touch\plugins\touch-translation\uno.config.ts", "TypeScript", 0, 0, 0, 0, 0, 28, 0, 0, 0, 0, 0, 0, 0, 2, 30
"e:\Workspace\Applications\talex-touch\plugins\touch-translation\vite.config.ts", "TypeScript", 0, 0, 0, 0, 0, 53, 0, 0, 0, 0, 0, 0, 8, 8, 69
"e:\Workspace\Applications\talex-touch\pnpm-lock.yaml", "YAML", 0, 0, 0, 13194, 0, 0, 0, 0, 0, 0, 0, 0, 0, 3371, 16565
"e:\Workspace\Applications\talex-touch\pnpm-workspace.yaml", "YAML", 0, 0, 0, 5, 0, 0, 0, 0, 0, 0, 0, 0, 0, 1, 6
"e:\Workspace\Applications\talex-touch\vitest.workspace.js", "JavaScript", 9, 0, 0, 0, 0, 0, 0, 0, 0, 0, 0, 0, 0, 2, 11
"Total", "-", 16858, 200, 1315, 19652, 3427, 8427, 189, 20, 14821, 477, 35, 52, 2734, 11192, 79399